{
  "epoch": 5,
  "val_metrics": {
    "accuracy": 82.70540172492056,
    "auc": 0.992638163187657,
    "loss": 1.5810125902079153
  },
  "train_metrics": {
    "accuracy": 84.73293917226175,
    "auc": 0.9949127669367512,
    "loss": 1.49261309302006
  },
  "strategy": "standard"
}
